a,b,b,o,t
a,b,h,o,r
a,b,i,d,e
a,b,l,e,d
a,b,o,d,e
a,b,o,r,t
a,b,u,s,e
a,c,o,r,n
a,c,t,o,r
a,d,a,g,e
a,d,a,p,t
a,d,e,p,t
a,d,m,i,n
a,d,o,r,n
a,d,u,l,t
a,f,f,i,x
a,f,i,r,e
a,f,o,o,t
a,f,o,u,l
a,f,t,e,r
a,g,e,n,t
a,g,i,n,g
a,i,d,e,r
a,i,s,l,e
a,l,a,r,m
a,l,e,r,t
a,l,g,a,e
a,l,i,b,i
a,l,i,g,n
a,l,i,v,e
a,l,l,a,y
a,l,l,e,y
a,l,l,o,t
a,l,l,o,y
a,l,o,n,g
a,l,o,o,f
a,m,a,s,s
a,m,a,z,e
a,m,b,l,e
a,m,e,n,d
a,m,i,t,y
a,m,o,n,g
a,m,p,l,y
a,m,u,s,e
a,n,g,l,e
a,n,g,s,t
a,n,i,m,e
a,n,k,l,e
a,n,n,e,x
a,n,n,o,y
a,n,n,u,l
a,n,v,i,l
a,p,a,r,t
a,p,i,n,g
a,p,n,e,a
a,r,d,o,r
a,r,e,n,a
a,r,i,s,e
a,r,m,o,r
a,r,o,s,e
a,r,r,a,y
a,r,r,o,w
a,r,s,o,n
a,r,t,s,y
a,s,c,o,t
a,s,h,e,n
a,s,s,a,y
a,t,t,i,c
a,u,g,u,r
a,u,n,t,y
a,v,i,a,n
a,v,o,i,d
a,w,a,r,d
a,w,a,r,e
a,w,a,s,h
a,w,o,k,e
a,x,i,a,l
a,x,i,o,n
b,a,c,o,n
b,a,g,g,y
b,a,l,e,r
b,a,l,m,y
b,a,n,j,o
b,a,r,o,n
b,a,s,a,l
b,a,s,i,l
b,a,s,i,n
b,a,s,i,s
b,a,s,t,e
b,a,t,c,h
b,a,w,d,y
b,e,a,r,d
b,e,e,c,h
b,e,f,i,t
b,e,g,a,n
b,e,g,a,t
b,e,g,u,n
b,e,l,l,e
b,e,r,r,y
b,e,t,e,l
b,e,v,e,l
b,e,z,e,l
b,i,b,l,e
b,i,c,e,p
b,i,d,d,y
b,i,g,o,t
b,i,l,g,e
b,i,l,l,y
b,i,n,g,e
b,i,n,g,o
b,i,s,o,n
b,i,t,t,y
b,l,a,d,e
b,l,a,n,k
b,l,a,r,e
b,l,a,s,t
b,l,a,z,e
b,l,e,a,k
b,l,e,a,t
b,l,e,e,p
b,l,e,n,d
b,l,e,s,s
b,l,i,m,p
b,l,i,n,d
b,l,i,n,k
b,l,i,s,s
b,l,i,t,z
b,l,o,a,t
b,l,o,c,k
b,l,o,n,d
b,l,o,o,d
b,l,o,o,m
b,l,u,e,r
b,l,u,n,t
b,o,a,r,d
b,o,a,s,t
b,o,b,b,y
b,o,n,e,y
b,o,n,g,o
b,o,n,u,s
b,o,o,t,h
b,o,o,t,y
b,o,r,n,e
b,o,s,o,m
b,o,s,s,y
b,o,t,c,h
b,o,u,l,e
b,o,u,n,d
b,o,w,e,l
b,o,x,e,r
b,r,a,c,e
b,r,a,i,n
b,r,a,n,d
b,r,a,s,s
b,r,a,v,o
b,r,a,w,l
b,r,a,w,n
b,r,e,e,d
b,r,i,c,k
b,r,i,e,f
b,r,i,n,y
b,r,o,a,d
b,r,o,i,l
b,r,o,o,d
b,r,o,t,h
b,r,o,w,n
b,r,u,n,t
b,r,u,t,e
b,u,d,d,y
b,u,d,g,e
b,u,g,l,e
b,u,i,l,d
b,u,i,l,t
b,u,l,g,e
b,u,l,k,y
b,u,n,c,h
b,u,n,n,y
b,u,r,n,t
b,u,r,s,t
b,u,s,e,d
b,u,s,h,y
b,u,t,c,h
b,u,t,t,e
b,u,x,o,m
b,u,y,e,r
b,y,l,a,w
c,a,b,a,l
c,a,b,b,y
c,a,b,i,n
c,a,b,l,e
c,a,c,t,i
c,a,d,d,y
c,a,d,e,t
c,a,g,e,y
c,a,i,r,n
c,a,m,e,l
c,a,m,e,o
c,a,n,a,l
c,a,n,d,y
c,a,n,o,n
c,a,p,u,t
c,a,r,v,e
c,a,s,t,e
c,a,t,t,y
c,a,u,s,e
c,a,v,i,l
c,e,a,s,e
c,e,l,l,o
c,h,a,f,f
c,h,a,i,n
c,h,a,i,r
c,h,a,l,k
c,h,a,o,s
c,h,a,s,e
c,h,a,s,m
c,h,e,a,p
c,h,e,c,k
c,h,e,e,r
c,h,e,s,s
c,h,i,c,k
c,h,i,d,e
c,h,i,l,d
c,h,i,l,i
c,h,i,m,e
c,h,i,n,a
c,h,i,r,p
c,h,o,c,k
c,h,o,r,e
c,h,o,s,e
c,h,u,c,k
c,h,u,m,p
c,h,u,r,n
c,i,v,i,l
c,l,a,c,k
c,l,a,i,m
c,l,a,m,p
c,l,a,n,g
c,l,a,n,k
c,l,a,s,h
c,l,a,s,p
c,l,e,a,t
c,l,e,f,t
c,l,i,f,f
c,l,i,m,b
c,l,i,n,k
c,l,o,a,k
c,l,o,n,e
c,l,o,u,d
c,l,o,u,t
c,l,o,v,e
c,l,u,e,d
c,l,u,m,p
c,l,u,n,g
c,o,b,r,a
c,o,l,o,r
c,o,m,f,y
c,o,m,i,c
c,o,n,c,h
c,o,p,s,e
c,o,r,a,l
c,o,r,e,r
c,o,u,c,h
c,o,u,g,h
c,o,u,p,e
c,o,u,r,t
c,o,v,e,n
c,o,v,e,r
c,o,v,e,y
c,r,a,c,k
c,r,a,f,t
c,r,a,s,h
c,r,a,w,l
c,r,e,a,m
c,r,e,e,d
c,r,e,e,k
c,r,e,e,p
c,r,e,m,e
c,r,e,p,e
c,r,e,s,s
c,r,e,s,t
c,r,i,c,k
c,r,i,e,d
c,r,i,e,r
c,r,i,s,p
c,r,o,c,k
c,r,o,n,y
c,r,o,o,k
c,r,o,u,p
c,r,o,w,d
c,r,o,w,n
c,r,u,d,e
c,r,u,e,l
c,r,u,m,p
c,r,u,s,h
c,r,y,p,t
c,u,b,i,c
c,u,m,i,n
c,u,r,i,o
c,u,r,r,y
c,u,r,s,e
c,u,r,v,e
c,u,r,v,y
c,u,t,i,e
c,y,b,e,r
c,y,c,l,e
d,a,i,l,y
d,a,i,r,y
d,a,i,s,y
d,a,l,l,y
d,a,t,u,m
d,a,u,n,t
d,e,a,l,t
d,e,b,a,r
d,e,b,i,t
d,e,b,u,t
d,e,c,a,l
d,e,c,a,y
d,e,c,o,r
d,e,c,o,y
d,e,c,r,y
d,e,f,e,r
d,e,i,g,n
d,e,i,t,y
d,e,l,a,y
d,e,m,o,n
d,e,m,u,r
d,e,n,s,e
d,e,r,b,y
d,e,t,e,r
d,e,t,o,x
d,e,u,c,e
d,e,v,i,l
d,i,a,r,y
d,i,c,e,y
d,i,l,l,y
d,i,m,l,y
d,i,n,g,o
d,i,n,g,y
d,i,o,d,e
d,i,r,g,e
d,i,r,t,y
d,i,t,c,h
d,i,t,t,y
d,i,v,e,r
d,i,z,z,y
d,o,d,g,y
d,o,g,m,a
d,o,i,n,g
d,o,l,l,y
d,o,p,e,y
d,o,u,g,h
d,o,w,d,y
d,o,w,e,l
d,o,w,n,y
d,r,a,f,t
d,r,a,k,e
d,r,a,m,a
d,r,a,n,k
d,r,a,p,e
d,r,a,w,l
d,r,a,w,n
d,r,e,a,d
d,r,e,s,s
d,r,i,e,d
d,r,i,e,r
d,r,i,f,t
d,r,i,l,l
d,r,o,i,t
d,r,o,n,e
d,r,o,o,l
d,r,o,s,s
d,r,o,v,e
d,r,o,w,n
d,r,u,i,d
d,r,u,n,k
d,r,y,e,r
d,r,y,l,y
d,u,l,l,y
d,u,m,m,y
d,u,m,p,y
d,u,n,c,e
d,u,s,k,y
d,u,s,t,y
d,y,i,n,g
e,a,g,e,r
e,a,g,l,e
e,a,r,l,y
e,a,s,e,l
e,a,t,e,n
e,a,t,e,r
e,b,o,n,y
e,c,l,a,t
e,d,i,c,t
e,d,i,f,y
e,e,r,i,e
e,i,g,h,t
e,k,i,n,g
e,l,a,t,e
e,l,b,o,w
e,l,e,c,t
e,l,e,g,y
e,l,f,i,n
e,l,i,d,e
e,l,i,t,e
e,m,b,e,d
e,m,b,e,r
e,m,c,e,e
e,n,a,c,t
e,n,d,o,w
e,n,e,m,y
e,n,s,u,e
e,n,t,r,y
e,n,v,o,y
e,q,u,i,p
e,r,a,s,e
e,r,e,c,t
e,r,u,p,t
e,s,t,e,r
e,t,h,e,r
e,t,u,d,e
e,v,e,n,t
e,v,i,c,t
e,v,o,k,e
e,x,a,l,t
e,x,e,r,t
e,x,i,l,e
e,x,p,e,l
e,x,t,o,l
e,y,i,n,g
f,a,b,l,e
f,a,c,e,t
f,a,i,n,t
f,a,i,r,y
f,a,i,t,h
F,A,L,S,E
f,a,n,c,y
f,a,n,n,y
f,a,t,a,l
f,a,t,t,y
f,a,u,n,a
f,e,c,a,l
f,e,l,l,a
f,e,l,o,n
f,e,m,m,e
f,e,m,u,r
f,e,n,c,e
f,e,r,a,l
f,e,t,a,l
f,e,t,c,h
f,e,t,i,d
f,e,t,u,s
f,e,v,e,r
f,i,b,e,r
f,i,c,u,s
f,i,e,r,y
f,i,f,t,h
f,i,g,h,t
f,i,l,e,r
f,i,l,e,t
f,i,l,l,y
f,i,l,m,y
f,i,l,t,h
f,i,n,a,l
f,i,n,c,h
f,i,z,z,y
f,l,a,c,k
f,l,a,k,e
f,l,a,k,y
f,l,a,m,e
f,l,a,r,e
f,l,a,s,h
f,l,e,c,k
f,l,e,e,t
f,l,i,e,r
f,l,i,n,t
f,l,o,u,r
f,l,o,w,n
f,l,u,i,d
f,l,u,k,e
f,l,u,n,g
f,l,u,n,k
f,l,u,s,h
f,l,u,t,e
f,o,a,m,y
f,o,i,s,t
f,o,l,i,o
f,o,r,c,e
f,o,r,t,e
f,o,r,t,y
f,o,r,u,m
f,r,a,i,l
f,r,a,u,d
f,r,e,a,k
f,r,e,e,d
f,r,e,e,r
f,r,i,a,r
f,r,i,e,d
f,r,i,l,l
f,r,i,s,k
f,r,i,t,z
f,r,o,n,d
f,r,o,w,n
f,r,u,i,t
f,u,d,g,e
f,u,g,u,e
f,u,l,l,y
f,u,n,k,y
f,u,n,n,y
f,u,r,o,r
f,u,r,r,y
f,u,s,s,y
f,u,z,z,y
g,a,f,f,e
g,a,i,l,y
g,a,m,u,t
g,a,s,s,y
g,a,u,g,e
g,a,u,n,t
g,a,v,e,l
g,a,y,e,r
g,a,y,l,y
g,a,z,e,r
g,e,e,k,y
g,e,e,s,e
g,e,n,i,e
g,e,n,r,e
g,h,o,s,t
g,i,p,s,y
g,i,r,l,y
g,i,v,e,n
g,i,v,e,r
g,l,a,d,e
g,l,a,n,d
g,l,a,r,e
g,l,a,z,e
g,l,e,a,m
g,l,i,d,e
g,l,i,n,t
g,l,o,b,e
g,l,o,s,s
g,n,o,m,e
g,o,d,l,y
g,o,i,n,g
g,o,l,l,y
g,o,n,a,d
g,o,o,d,y
g,o,o,e,y
g,o,o,f,y
g,o,u,r,d
g,r,a,c,e
g,r,a,f,t
g,r,a,i,l
g,r,a,i,n
g,r,a,n,t
g,r,a,p,e
g,r,a,p,h
g,r,a,s,p
g,r,a,s,s
g,r,a,v,e
g,r,a,v,y
g,r,a,z,e
g,r,e,e,d
g,r,e,e,n
g,r,i,l,l
g,r,i,n,d
g,r,o,a,n
g,r,o,o,m
g,r,o,p,e
g,r,o,s,s
g,r,o,w,n
g,r,u,f,f
g,r,u,n,t
g,u,a,v,a
g,u,e,s,s
g,u,i,d,e
g,u,i,l,e
g,u,i,l,t
g,u,i,s,e
g,u,l,c,h
g,u,m,b,o
g,u,m,m,y
g,u,s,t,o
g,u,s,t,y
g,y,p,s,y
h,a,b,i,t
h,a,l,v,e
h,a,n,d,y
h,a,r,d,y
h,a,r,e,m
h,a,r,p,y
h,a,r,s,h
h,a,s,t,e
h,a,s,t,y
h,a,u,n,t
h,a,u,t,e
h,a,v,e,n
h,a,z,e,l
h,e,a,r,d
h,e,a,v,e
h,e,a,v,y
h,e,d,g,e
h,e,f,t,y
h,e,n,c,e
h,i,l,l,y
h,i,p,p,o
h,i,p,p,y
h,i,t,c,h
h,o,i,s,t
h,o,l,l,y
h,o,n,e,y
h,o,n,o,r
h,o,r,n,y
h,o,t,l,y
h,o,u,s,e
h,o,v,e,l
h,o,v,e,r
h,u,m,u,s
h,u,n,c,h
h,u,s,k,y
h,u,s,s,y
h,y,d,r,o
h,y,e,n,a
h,y,m,e,n
i,c,i,l,y
i,c,i,n,g
i,d,e,a,l
i,d,i,o,m
i,d,i,o,t
i,d,l,e,r
i,d,y,l,l
i,l,i,a,c
i,m,a,g,e
i,m,b,u,e
i,m,p,l,y
i,n,b,o,x
i,n,c,u,r
i,n,g,o,t
i,n,l,a,y
i,n,l,e,t
i,n,n,e,r
i,n,t,r,o
i,s,s,u,e
j,e,l,l,y
j,e,r,k,y
j,e,t,t,y
j,e,w,e,l
j,i,f,f,y
j,o,i,n,t
j,o,i,s,t
j,o,l,l,y
j,u,i,c,e
j,u,i,c,y
j,u,m,b,o
j,u,m,p,y
j,u,n,t,a
j,u,n,t,o
j,u,r,o,r
k,a,p,p,a
k,i,n,k,y
k,i,t,t,y
k,n,a,c,k
k,n,a,v,e
k,n,e,a,d
k,n,e,e,d
k,n,e,l,t
k,n,i,f,e
k,n,o,w,n
k,r,i,l,l
l,a,d,e,n
l,a,d,l,e
l,a,g,e,r
l,a,n,c,e
l,a,n,k,y
l,a,r,g,e
l,a,s,s,o
l,a,t,c,h
l,a,t,e,r
l,a,t,h,e
l,a,u,g,h
l,e,a,c,h
l,e,a,k,y
l,e,a,n,t
l,e,a,r,n
l,e,a,s,e
l,e,a,s,h
l,e,a,s,t
l,e,e,c,h
l,e,f,t,y
l,e,g,a,l
l,e,g,g,y
l,e,m,u,r
l,e,p,e,r
l,e,v,e,l
l,e,v,e,r
l,i,e,g,e
l,i,k,e,n
l,i,m,b,o
l,i,m,i,t
l,i,n,e,r
l,i,n,g,o
l,i,p,i,d
l,i,t,h,e
l,i,v,i,d
l,l,a,m,a
l,o,a,m,y
l,o,a,t,h
l,o,b,b,y
l,o,c,a,l
l,o,d,g,e
l,o,g,i,n
l,o,o,s,e
l,o,r,r,y
l,o,u,s,e
l,o,u,s,y
l,o,w,e,r
l,u,c,i,d
l,u,m,e,n
l,u,m,p,y
l,u,n,c,h
l,u,n,g,e
l,u,p,u,s
l,u,r,c,h
l,u,r,i,d
l,y,m,p,h
l,y,r,i,c
m,a,c,a,w
m,a,c,h,o
m,a,c,r,o
m,a,d,l,y
m,a,f,i,a
m,a,k,e,r
m,a,m,b,o
m,a,m,m,a
m,a,m,m,y
m,a,n,g,a
m,a,n,g,e
m,a,n,g,o
m,a,n,g,y
m,a,n,i,a
m,a,n,i,c
m,a,s,o,n
m,a,t,c,h
m,a,u,v,e
m,a,y,o,r
m,e,a,n,t
m,e,a,t,y
m,e,c,c,a
m,e,d,i,a
m,e,d,i,c
m,e,l,e,e
m,e,l,o,n
m,e,r,c,y
m,e,r,g,e
m,e,r,r,y
m,e,t,e,r
m,i,c,r,o
m,i,g,h,t
m,i,l,k,y
m,i,n,e,r
m,i,n,i,m
m,i,n,o,r
m,i,n,t,y
m,i,n,u,s
m,i,r,t,h
m,i,s,e,r
m,i,s,s,y
m,o,c,h,a
m,o,d,a,l
m,o,d,e,m
m,o,g,u,l
m,o,l,d,y
m,o,o,d,y
m,o,r,a,l
m,o,r,o,n
m,o,r,p,h
m,o,t,e,l
m,o,t,i,f
m,o,u,n,d
m,o,u,t,h
m,o,v,e,r
m,o,w,e,r
m,u,c,u,s
m,u,d,d,y
m,u,l,c,h
m,u,n,c,h
m,u,r,a,l
m,u,r,k,y
m,u,s,h,y
m,u,s,k,y
m,u,s,t,y
m,y,r,r,h
n,a,d,i,r
n,a,s,a,l
n,a,v,e,l
n,e,i,g,h
n,e,r,d,y
n,e,r,v,e
n,e,v,e,r
n,e,w,e,r
n,e,w,l,y
n,i,c,e,r
n,i,c,h,e
n,i,e,c,e
n,i,n,j,a
n,i,n,n,y
n,o,b,l,e
n,o,b,l,y
n,o,i,s,e
n,o,i,s,y
n,o,m,a,d
n,o,o,s,e
n,o,r,t,h
n,o,s,e,y
n,o,t,c,h
n,o,v,e,l
n,u,d,g,e
n,u,r,s,e
n,u,t,t,y
n,y,l,o,n
o,a,k,e,n
o,b,e,s,e
o,c,c,u,r
o,c,t,a,l
o,c,t,e,t
o,d,d,e,r
o,d,d,l,y
o,f,f,e,r
o,f,t,e,n
o,l,d,e,n
o,m,b,r,e
o,m,e,g,a
o,p,i,n,e
o,p,i,u,m
o,p,t,i,c
o,r,b,i,t
o,r,d,e,r
o,r,g,a,n
o,t,t,e,r
o,u,n,c,e
o,u,t,e,r
o,u,t,g,o
o,v,a,r,y
o,v,a,t,e
o,v,e,r,t
o,v,i,n,e
o,v,o,i,d
o,w,i,n,g
o,w,n,e,r
o,z,o,n,e
p,a,d,d,y
p,a,g,a,n
p,a,i,n,t
p,a,l,e,r
p,a,l,s,y
p,a,n,s,y
p,a,p,a,l
p,a,r,k,a
p,a,r,s,e
p,a,s,t,a
p,a,s,t,e
p,a,s,t,y
p,a,t,c,h
p,a,t,i,o
p,a,t,s,y
p,a,y,e,e
p,a,y,e,r
p,e,a,r,l
p,e,c,a,n
p,e,d,a,l
p,e,n,a,l
p,e,n,c,e
p,e,n,n,e
p,e,n,n,y
p,e,r,i,l
p,e,s,k,y
p,e,s,t,o
p,e,t,a,l
p,e,t,t,y
p,h,o,n,e
p,h,o,n,y
p,i,a,n,o
p,i,e,c,e
p,i,g,g,y
p,i,n,c,h
p,i,p,e,r
p,i,q,u,e
p,i,t,c,h
p,i,v,o,t
p,i,x,e,l
p,i,z,z,a
p,l,a,c,e
p,l,a,i,d
p,l,a,i,n
p,l,a,i,t
p,l,a,n,e
p,l,e,a,d
p,l,i,e,d
p,l,i,e,r
p,l,u,m,b
p,l,u,m,e
p,l,u,m,p
p,l,u,s,h
p,o,e,s,y
p,o,l,a,r
p,o,o,c,h
p,o,p,p,y
p,o,r,c,h
p,o,s,e,r
p,o,s,i,t
p,o,s,s,e
p,o,u,c,h
p,o,u,t,y
p,r,a,n,k
p,r,a,w,n
p,r,e,e,n
p,r,e,s,s
p,r,i,c,e
p,r,i,e,d
p,r,i,o,r
p,r,i,s,m
p,r,i,v,y
p,r,o,n,e
p,r,o,n,g
p,r,o,o,f
p,r,o,s,e
p,r,o,u,d
p,r,o,w,l
p,r,u,d,e
p,r,u,n,e
p,s,a,l,m
p,u,b,i,c
p,u,d,g,y
p,u,f,f,y
p,u,l,s,e
p,u,n,c,h
p,u,p,i,l
p,u,p,p,y
p,u,r,e,e
p,u,r,e,r
p,u,r,s,e
p,u,s,h,y
p,u,t,t,y
p,y,g,m,y
q,u,a,c,k
q,u,a,i,l
q,u,a,k,e
q,u,a,r,k
q,u,a,s,h
q,u,a,s,i
q,u,e,e,n
q,u,e,e,r
q,u,e,l,l
q,u,e,u,e
q,u,i,l,l
q,u,i,l,t
q,u,i,t,e
q,u,o,t,a
q,u,o,t,h
r,a,b,b,i
r,a,b,i,d
r,a,c,e,r
r,a,d,a,r
r,a,d,i,i
r,a,i,s,e
r,a,j,a,h
r,a,l,l,y
r,a,l,p,h
r,a,n,d,y
r,a,p,i,d
r,a,r,e,r
r,a,s,p,y
r,a,t,t,y
r,a,v,e,n
r,a,z,o,r
r,e,a,c,h
r,e,a,d,y
r,e,a,l,m
r,e,a,r,m
r,e,b,a,r
r,e,b,e,l
r,e,c,u,r
r,e,c,u,t
r,e,e,d,y
r,e,f,e,r
r,e,f,i,t
r,e,h,a,b
r,e,i,g,n
r,e,l,a,x
r,e,l,a,y
r,e,l,i,c
r,e,m,i,t
r,e,n,a,l
r,e,p,e,l
r,e,p,l,y
r,e,r,u,n
r,e,s,e,t
r,e,s,i,n
r,e,t,r,y
r,e,u,s,e
r,e,v,u,e
r,i,d,e,r
r,i,d,g,e
r,i,f,l,e
r,i,g,i,d
r,i,g,o,r
r,i,n,s,e
r,i,p,e,n
r,i,s,e,n
r,i,s,e,r
r,i,s,k,y
r,i,v,e,r
r,i,v,e,t
r,o,a,c,h
r,o,a,s,t
r,o,g,e,r
r,o,o,s,t
r,o,t,o,r
r,o,u,g,h
r,o,u,t,e
r,o,v,e,r
r,o,w,d,y
r,o,w,e,r
r,u,g,b,y
r,u,l,e,r
r,u,m,b,a
r,u,m,o,r
r,u,r,a,l
s,a,d,l,y
s,a,f,e,r
s,a,l,l,y
s,a,l,o,n
s,a,l,t,y
s,a,l,v,e
s,a,l,v,o
s,a,n,d,y
s,a,n,e,r
s,a,p,p,y
s,a,s,s,y
s,a,t,i,n
s,a,t,y,r
s,a,u,c,e
s,a,u,c,y
s,a,u,n,a
s,a,v,o,r
s,a,v,o,y
s,a,v,v,y
s,c,a,l,e
s,c,a,l,p
s,c,a,l,y
s,c,a,m,p
s,c,a,n,t
s,c,a,r,y
s,c,e,n,e
s,c,e,n,t
s,c,i,o,n
s,c,o,f,f
s,c,o,n,e
s,c,o,o,p
s,c,o,p,e
s,c,o,r,e
s,c,o,w,l
s,c,r,a,m
s,c,r,e,e
s,c,r,e,w
s,c,r,u,m
s,c,u,b,a
s,e,g,u,e
s,e,i,z,e
s,e,m,e,n
s,e,n,s,e
s,e,p,i,a
s,e,r,i,f
s,e,r,u,m
s,e,t,u,p
s,e,v,e,n
s,e,w,e,r
s,h,a,c,k
s,h,a,d,e
s,h,a,d,y
s,h,a,f,t
s,h,a,k,y
s,h,a,l,e
s,h,a,l,t
s,h,a,n,k
s,h,a,p,e
s,h,a,r,e
s,h,a,r,k
s,h,a,r,p
s,h,a,v,e
s,h,e,a,r
s,h,e,e,n
s,h,e,e,p
s,h,e,e,r
s,h,e,e,t
s,h,e,i,k
s,h,e,l,f
s,h,e,l,l
s,h,i,e,d
s,h,i,f,t
s,h,i,n,y
s,h,i,r,t
s,h,o,a,l
s,h,o,c,k
s,h,o,n,e
s,h,o,o,k
s,h,o,o,t
s,h,o,r,e
s,h,o,r,t
s,h,o,u,t
s,h,o,v,e
s,h,r,e,w
s,h,u,c,k
s,h,u,n,t
s,h,u,s,h
s,i,e,v,e
s,i,g,h,t
s,i,g,m,a
s,i,l,k,y
s,i,l,l,y
s,i,n,c,e
s,i,n,e,w
s,i,n,g,e
s,i,r,e,n
s,i,x,t,h
s,i,x,t,y
s,k,a,t,e
s,k,i,e,r
s,k,i,f,f
s,k,u,l,k
s,k,u,l,l
s,k,u,n,k
s,l,a,c,k
s,l,a,i,n
s,l,a,n,g
s,l,a,n,t
s,l,a,s,h
s,l,e,e,p
s,l,e,e,t
s,l,e,p,t
s,l,i,c,e
s,l,i,c,k
s,l,i,d,e
s,l,i,m,e
s,l,i,m,y
s,l,i,n,g
s,l,i,n,k
s,l,o,o,p
s,l,o,p,e
s,l,u,n,k
s,l,u,r,p
s,l,u,s,h
s,l,y,l,y
s,m,a,c,k
s,m,a,l,l
s,m,e,l,l
s,m,i,r,k
s,m,i,t,h
s,m,o,c,k
s,m,o,k,e
s,m,o,k,y
s,m,o,t,e
s,n,a,i,l
s,n,a,k,e
s,n,e,e,r
s,n,i,d,e
s,n,i,f,f
s,n,i,p,e
s,n,o,o,p
s,n,o,r,e
s,n,o,r,t
s,n,o,w,y
s,n,u,c,k
s,n,u,f,f
s,o,a,p,y
s,o,b,e,r
s,o,l,i,d
s,o,n,a,r
s,o,o,t,h
s,o,o,t,y
s,o,r,r,y
s,o,u,t,h
s,p,a,n,k
s,p,a,r,e
s,p,a,r,k
s,p,a,s,m
s,p,a,w,n
s,p,e,a,k
s,p,e,a,r
s,p,e,c,k
s,p,e,e,d
s,p,e,l,l
s,p,e,l,t
s,p,e,n,t
s,p,e,r,m
s,p,i,e,d
s,p,i,k,y
s,p,i,l,t
s,p,i,n,e
s,p,i,n,y
s,p,i,t,e
s,p,l,a,t
s,p,l,i,t
s,p,o,i,l
s,p,o,o,f
s,p,o,o,k
s,p,o,o,l
s,p,o,o,n
s,p,o,r,e
s,p,o,r,t
s,p,o,u,t
s,p,r,e,e
s,p,r,i,g
s,p,u,n,k
s,p,u,r,n
s,p,u,r,t
s,q,u,i,b
s,t,a,c,k
s,t,a,i,n
s,t,a,k,e
s,t,a,l,k
s,t,a,l,l
s,t,a,m,p
s,t,a,n,k
s,t,a,r,e
s,t,a,r,k
s,t,a,s,h
s,t,a,t,e
s,t,a,v,e
s,t,e,a,k
s,t,e,a,l
s,t,e,a,m
s,t,e,e,l
s,t,e,e,p
s,t,e,e,r
s,t,e,r,n
s,t,i,f,f
s,t,i,l,l
s,t,i,l,t
s,t,i,n,t
s,t,o,i,c
s,t,o,k,e
s,t,o,l,e
s,t,o,n,y
s,t,o,o,d
s,t,o,o,p
s,t,o,r,k
s,t,o,r,m
s,t,r,a,y
s,t,r,i,p
s,t,r,u,t
s,t,u,c,k
s,t,u,f,f
s,t,u,m,p
s,t,u,n,g
s,t,u,n,k
s,t,u,n,t
s,u,a,v,e
s,u,i,n,g
s,u,i,t,e
s,u,l,l,y
s,u,m,a,c
s,u,n,n,y
s,u,p,e,r
s,u,r,g,e
s,u,s,h,i
s,w,a,m,i
s,w,a,m,p
s,w,a,r,m
s,w,a,s,h
s,w,a,t,h
s,w,e,a,r
s,w,e,l,l
s,w,e,p,t
s,w,i,f,t
s,w,i,n,g
s,w,i,s,h
s,w,o,o,n
s,w,o,o,p
s,w,o,r,d
s,w,o,r,e
s,w,o,r,n
s,w,u,n,g
s,y,n,o,d
t,a,b,b,y
t,a,b,l,e
t,a,b,o,o
t,a,c,k,y
t,a,f,f,y
t,a,i,n,t
t,a,k,e,n
t,a,k,e,r
t,a,l,l,y
t,a,l,o,n
t,a,m,e,r
t,a,n,g,o
t,a,r,d,y
t,a,r,o,t
t,a,t,t,y
t,a,w,n,y
t,e,a,c,h
t,e,a,r,y
t,e,d,d,y
t,e,e,t,h
t,e,m,p,o
t,e,n,e,t
t,e,n,o,r
t,e,n,s,e
t,e,p,e,e
t,e,r,r,a
t,e,r,s,e
t,e,s,t,y
t,h,a,n,k
t,h,e,f,t
t,h,e,s,e
t,h,e,t,a
t,h,i,c,k
t,h,i,g,h
t,h,i,n,g
t,h,i,n,k
t,h,o,n,g
t,h,r,e,e
t,h,r,e,w
t,h,r,o,b
t,h,r,o,w
t,h,r,u,m
t,i,d,a,l
t,i,g,h,t
t,i,m,e,r
t,i,m,i,d
t,i,t,a,n
t,i,t,h,e
t,i,t,l,e
t,o,a,s,t
t,o,d,d,y
t,o,k,e,n
t,o,n,a,l
t,o,n,g,a
t,o,o,t,h
t,o,p,i,c
t,o,r,c,h
t,o,r,u,s
t,o,t,a,l
t,o,u,c,h
t,o,w,e,l
t,o,w,e,r
t,o,x,i,n
t,r,a,c,k
t,r,a,d,e
t,r,a,i,l
t,r,a,m,p
t,r,a,s,h
t,r,e,a,d
t,r,i,a,l
t,r,i,b,e
t,r,i,c,k
t,r,i,e,d
t,r,i,p,e
t,r,o,o,p
t,r,o,u,t
t,r,u,c,e
t,r,u,c,k
t,r,u,e,r
t,r,u,l,y
t,r,u,m,p
t,r,u,n,k
t,r,u,s,t
t,r,u,t,h
t,u,b,a,l
t,u,b,e,r
t,u,l,i,p
t,u,l,l,e
t,u,m,o,r
t,u,n,i,c
t,u,r,b,o
t,u,t,o,r
t,w,e,a,k
t,w,e,e,t
t,w,i,r,l
t,w,i,s,t
t,w,i,x,t
t,y,i,n,g
u,d,d,e,r
u,m,b,r,a
u,n,c,l,e
u,n,c,u,t
u,n,d,i,d
u,n,i,o,n
u,n,i,t,y
u,n,s,e,t
u,n,t,i,l
u,n,w,e,d
u,p,p,e,r
u,r,b,a,n
u,r,i,n,e
u,t,i,l,e
v,a,l,o,r
v,a,l,u,e
v,a,l,v,e
v,a,p,i,d
v,a,p,o,r
v,a,u,l,t
v,a,u,n,t
v,e,g,a,n
v,e,n,u,e
v,e,r,g,e
v,e,r,s,e
v,e,r,s,o
v,i,c,a,r
v,i,d,e,o
v,i,g,i,l
v,i,l,l,a
v,i,n,y,l
v,i,o,l,a
v,i,p,e,r
v,i,r,u,s
v,i,s,i,t
v,i,s,o,r
v,i,s,t,a
v,i,x,e,n
v,o,c,a,l
v,o,g,u,e
v,o,i,l,a
v,o,m,i,t
v,o,w,e,l
v,y,i,n,g
w,a,f,e,r
w,a,g,e,r
w,a,g,o,n
w,a,i,s,t
w,a,i,v,e
w,a,r,t,y
w,a,t,e,r
w,a,v,e,r
w,a,x,e,n
w,e,a,v,e
w,e,e,d,y
w,e,i,g,h
w,e,i,r,d
w,e,l,c,h
w,e,l,s,h
w,h,a,r,f
w,h,e,a,t
w,h,i,c,h
w,h,i,l,e
w,h,i,n,y
w,h,i,t,e
w,h,o,l,e
w,h,o,s,e
w,i,d,e,n
w,i,d,e,r
w,i,d,o,w
w,i,d,t,h
w,i,e,l,d
w,i,g,h,t
w,i,l,l,y
w,i,m,p,y
w,i,n,c,h
w,i,s,e,r
w,i,s,p,y
w,i,t,c,h
w,i,t,t,y
w,o,m,a,n
w,o,m,e,n
w,o,o,d,y
w,o,o,l,y
w,o,o,z,y
w,o,r,s,t
w,o,r,t,h
w,o,u,l,d
w,o,u,n,d
w,r,a,c,k
w,r,e,a,k
w,r,e,c,k
w,r,e,s,t
w,r,i,n,g
w,r,i,s,t
w,r,y,l,y
y,e,a,s,t
y,o,u,n,g
z,e,b,r,a
z,o,n,a,l
